country,city,total_events,average_demand,average_available_drivers,average_supply_coverage,average_demand_supply_gap,average_utilization,average_eta,cancellation_rate,average_customer_rating,total_revenue,cancellation_rate_pct,demand_score,revenue_score,supply_score,customer_experience_score,utilization_score,expansion_score,recommendation
UAE,Dubai,1124,87.7864768683274,76.79804270462634,95.64595195729538,10.988434163701067,103.83440391459074,9.391049822064058,0.11654804270462633,4.37420818505338,301087.36,11.654804270462634,91.02654967863141,100.0,67.07018681198113,69.52535298516366,34.999510337223626,76.07,HIGH PRIORITY - EXPAND
Singapore,Singapore,1082,84.08225508317929,71.01756007393715,93.77854898336415,13.064695009242143,105.8927449168207,8.819390018484288,0.12107208872458411,4.411035120147874,296379.07,12.107208872458411,75.00498244680878,96.34482112929688,62.29761986355181,74.44236178428469,40.76250290402405,73.7,MEDIUM PRIORITY - PILOT
UAE,Abu Dhabi,1131,66.74093722369584,73.19628647214854,108.53068081343943,-6.455349248452697,91.33379310344829,8.522431476569409,0.08488063660477453,4.434677276746243,258604.97,8.488063660477453,0.0,67.0197174972293,100.0,100.0,0.0,53.4,LOW PRIORITY - MONITOR
Thailand,Bangkok,1090,82.80183486238532,58.01926605504587,82.63027522935779,24.782568807339448,116.47715596330276,10.751752293577981,0.13211009174311927,4.2863761467889905,232516.26,13.211009174311927,69.46688569064612,46.76631306464301,33.80570698070776,42.106288994628756,70.39699112475739,52.71,LOW PRIORITY - MONITOR
Indonesia,Jakarta,1174,89.86115843270869,50.311754684838164,69.40282793867121,39.54940374787053,127.05032367972741,12.274872231686542,0.1686541737649063,4.1856814310051105,215170.45,16.86541737649063,100.0,33.30026951013995,0.0,0.0,100.0,46.66,LOW PRIORITY - MONITOR
Malaysia,Kuala Lumpur,1082,70.36783733826248,64.69223659889094,99.17580406654344,5.675600739371534,100.6336136783734,9.34409426987061,0.11645101663585952,4.381913123844732,215798.48,11.645101663585953,15.687134140190576,33.7878269856072,76.09151522615612,70.20892952409977,26.037860970464795,44.41,LOW PRIORITY - MONITOR
India,Mumbai,1111,73.4995499549955,64.18991899189919,95.88396939693969,9.309630963096309,103.79608460846084,11.464104410441045,0.13051305130513052,4.232169216921692,215010.62,13.051305130513052,29.232474335777475,33.17618895458697,67.67849373954523,33.567627804650996,34.892223023725876,36.23,LOW PRIORITY - MONITOR
India,Delhi,1090,78.89082568807339,68.00091743119266,95.11414678899082,10.889908256880734,105.23052293577982,11.494385321100916,0.14220183486238533,4.226651376146789,172275.88,14.220183486238533,52.55091789364549,0.0,65.71103948026669,26.187727357551772,38.908397898985584,34.4,LOW PRIORITY - MONITOR
India,Bangalore,1116,72.93727598566308,59.78405017921147,91.68140681003584,13.153225806451612,107.86077060931899,12.171146953405017,0.1442652329749104,4.18570788530466,177804.14,14.42652329749104,26.800516768203536,4.291744804112188,56.93790288638883,15.938574847708736,46.27262849781657,25.43,LOW PRIORITY - MONITOR
